country,signups,percent
United States,3976,0.46459453143257773
India,2836,0.331385837812573
Nigeria,760,0.08880579574666979
Others,492,0.05749006777284412
Ghana,275,0.032133676092544985
Pakistan,219,0.025590091142790372
